,x,y,ev
1.0,-7.173913043478251,103.69565217391306,59.99875758000669
1.1,-5.869565217391312,103.69565217391306,59.99309157706661
1.2000000000000002,-5.869565217391312,103.69565217391306,59.974810353733616
1.3000000000000003,-5.869565217391312,103.69565217391306,59.93158007629085
1.4000000000000004,-5.869565217391312,103.69565217391306,59.849512919350516
1.5000000000000004,-5.869565217391312,103.69565217391306,59.71647868342186
1.6000000000000005,-5.869565217391312,103.69565217391306,59.5243320862901
1.7000000000000006,-5.869565217391312,103.69565217391306,59.269599020874864
1.8000000000000007,-5.869565217391312,103.69565217391306,58.95301459829767
1.9000000000000008,-5.869565217391312,103.69565217391306,58.57850522986014
2.000000000000001,-5.869565217391312,103.69565217391306,58.152065373125936
2.100000000000001,-5.869565217391312,103.69565217391306,57.68077335224868
2.200000000000001,-5.869565217391312,103.69565217391306,57.17203569726787
2.300000000000001,-5.869565217391312,103.69565217391306,56.63306221444211
2.4000000000000012,-5.869565217391312,103.69565217391306,56.07053619191595
2.5000000000000013,-5.869565217391312,103.69565217391306,55.49043429846697
2.6000000000000014,-5.869565217391312,103.69565217391306,54.897953775494166
2.7000000000000015,-5.869565217391312,103.69565217391306,54.297512038564484
2.8000000000000016,-5.869565217391312,103.69565217391306,53.69279185803356
2.9000000000000017,-5.869565217391312,103.69565217391306,53.08681238037126
3.0000000000000018,-4.565217391304344,103.69565217391306,52.48298730978266
3.100000000000002,-4.565217391304344,103.69565217391306,51.88870470535765
3.200000000000002,-4.565217391304344,103.69565217391306,51.300933879399125
3.300000000000002,-4.565217391304344,103.69565217391306,50.72089279632164
3.400000000000002,-4.565217391304344,103.69565217391306,50.149477106016604
3.500000000000002,-3.2608695652173765,103.69565217391306,49.58983748519945
3.6000000000000023,-3.2608695652173765,103.69565217391306,49.04407629893314
3.7000000000000024,-3.2608695652173765,103.69565217391306,48.50956134740764
3.8000000000000025,-3.2608695652173765,103.69565217391306,47.986408313300075
3.9000000000000026,-1.9565217391304373,103.69565217391306,47.477783653328224
4.000000000000003,-1.9565217391304373,103.69565217391306,46.98237643817768
4.100000000000003,-1.9565217391304373,103.69565217391306,46.498963891711966
4.200000000000003,-0.6521739130434696,103.69565217391306,46.02987669437279
4.3000000000000025,-0.6521739130434696,103.69565217391306,45.57303362576609
4.400000000000003,0.6521739130434696,103.69565217391306,45.12860459823397
4.5000000000000036,0.6521739130434696,103.69565217391306,44.69581375232745
4.600000000000003,0.6521739130434696,103.69565217391306,44.274074452412805
4.700000000000003,0.6521739130434696,103.69565217391306,43.86294625512905
4.800000000000003,0.6521739130434696,103.69565217391306,43.46197250869998
4.900000000000004,0.6521739130434696,103.69565217391306,43.070687662232174
5.0000000000000036,0.6521739130434696,103.69565217391306,42.68862360226266
5.100000000000003,0.6521739130434696,103.69565217391306,42.31531508722784
5.200000000000004,0.6521739130434696,103.69565217391306,41.95030434539075
5.300000000000004,0.6521739130434696,103.69565217391306,41.59314489961723
5.400000000000004,0.6521739130434696,103.69565217391306,41.24340468187139
5.5000000000000036,0.6521739130434696,103.69565217391306,40.900668500395646
5.600000000000004,0.6521739130434696,103.69565217391306,40.56453992255028
5.700000000000005,0.6521739130434696,103.69565217391306,40.23464263578957
5.800000000000004,0.6521739130434696,103.69565217391306,39.91062134802477
5.900000000000004,0.6521739130434696,103.69565217391306,39.59214228661335
6.000000000000004,0.6521739130434696,103.69565217391306,39.278893352463456
6.100000000000005,0.6521739130434696,103.69565217391306,38.970583982364055
6.200000000000005,0.6521739130434696,103.69565217391306,38.66694476879186
6.300000000000004,0.6521739130434696,103.69565217391306,38.36772688226033
6.400000000000005,0.6521739130434696,103.69565217391306,38.072701336912715
6.500000000000005,0.6521739130434696,103.69565217391306,37.781658135656976
6.600000000000005,0.6521739130434696,103.69565217391306,37.494405326807254
6.700000000000005,0.6521739130434696,103.69565217391306,37.21076800002441
6.800000000000005,0.6521739130434696,103.69565217391306,36.93058724540874
6.900000000000006,0.6521739130434696,103.69565217391306,36.653719095935635
7.000000000000005,0.6521739130434696,103.69565217391306,36.380033470071595
7.100000000000005,0.6521739130434696,103.69565217391306,36.109413128378684
7.2000000000000055,0.6521739130434696,103.69565217391306,35.84175265521118
7.300000000000006,0.6521739130434696,103.69565217391306,35.576957474224045
7.400000000000006,0.6521739130434696,103.69565217391306,35.31494290433278
7.500000000000005,0.6521739130434696,103.69565217391306,35.055633260972044
7.600000000000006,0.6521739130434696,103.69565217391306,34.798961005971364
7.700000000000006,0.6521739130434696,103.69565217391306,34.54486594807925
7.800000000000006,0.6521739130434696,103.69565217391306,34.29329449509583
7.900000000000006,0.6521739130434696,103.69565217391306,34.04419895769573
8.000000000000007,0.6521739130434696,103.69565217391306,33.797536904314114
8.100000000000007,0.6521739130434696,103.69565217391306,33.553270565907475
8.200000000000006,0.6521739130434696,103.69565217391306,33.311366288966006
8.300000000000006,0.6521739130434696,103.69565217391306,33.07179403482984
8.400000000000006,0.6521739130434696,103.69565217391306,32.83452692312651
8.500000000000007,0.6521739130434696,103.69565217391306,32.59954081699144
8.600000000000007,0.6521739130434696,103.69565217391306,32.36681394763919
8.700000000000006,0.6521739130434696,103.69565217391306,32.136326575812156
8.800000000000008,0.6521739130434696,103.69565217391306,31.908060687634787
8.900000000000007,0.6521739130434696,103.69565217391306,31.681999722434274
9.000000000000007,0.6521739130434696,103.69565217391306,31.458128330149368
9.100000000000007,0.6521739130434696,103.69565217391306,31.236432156027767
9.200000000000006,0.6521739130434696,103.69565217391306,31.016897650406488
9.300000000000008,0.6521739130434696,103.69565217391306,30.799511901473032
9.400000000000007,-0.6521739130434696,103.69565217391306,30.584995055927642
9.500000000000007,-0.6521739130434696,103.69565217391306,30.37362345424639
9.600000000000009,-0.6521739130434696,103.69565217391306,30.164364723054387
9.700000000000008,-0.6521739130434696,103.69565217391306,29.95720417120289
9.800000000000008,-0.6521739130434696,103.69565217391306,29.7521274039104
9.900000000000007,-0.6521739130434696,103.69565217391306,29.54912024721438
10.000000000000007,-0.6521739130434696,103.69565217391306,29.348168683452187
10.100000000000009,-0.6521739130434696,103.69565217391306,29.14925879667688
10.200000000000008,-0.6521739130434696,103.69565217391306,28.952376726991368
10.300000000000008,-0.6521739130434696,103.69565217391306,28.7575086328608
10.40000000000001,-0.6521739130434696,103.69565217391306,28.56464066053529
10.500000000000009,-0.6521739130434696,103.69565217391306,28.37375891978285
10.600000000000009,-0.6521739130434696,103.69565217391306,28.184849465197843
10.700000000000008,-0.6521739130434696,103.69565217391306,27.997898282411114
10.800000000000008,-0.6521739130434696,103.69565217391306,27.812891278584985
10.90000000000001,-0.6521739130434696,103.69565217391306,27.629814276631016
11.000000000000009,-0.6521739130434696,103.69565217391306,27.44865301263786
11.100000000000009,-0.6521739130434696,103.69565217391306,27.26939313604451
11.20000000000001,-0.6521739130434696,103.69565217391306,27.09202021213745
11.30000000000001,-0.6521739130434696,103.69565217391306,26.91651972649166
11.40000000000001,-0.6521739130434696,105.0,26.743460024486968
11.500000000000009,-0.6521739130434696,105.0,26.57450743624122
11.600000000000009,-0.6521739130434696,105.0,26.40729054172288
11.70000000000001,-0.6521739130434696,105.0,26.241797248222642
11.80000000000001,-0.6521739130434696,105.0,26.078015332978953
11.90000000000001,-0.6521739130434696,105.0,25.915932456483215
12.00000000000001,-0.6521739130434696,105.0,25.755536175914926
12.10000000000001,-0.6521739130434696,105.0,25.59681395856029
12.20000000000001,-0.6521739130434696,105.0,25.43975319508618
12.30000000000001,-0.6521739130434696,105.0,25.284341212559212
12.40000000000001,-0.6521739130434696,105.0,25.13056528711583
12.50000000000001,-0.6521739130434696,105.0,24.97841265620325
12.60000000000001,-0.6521739130434696,105.0,24.82787053032541
12.70000000000001,-0.6521739130434696,105.0,24.67892610423949
12.800000000000011,-0.6521739130434696,105.0,24.53156656756012
12.900000000000011,-0.6521739130434696,105.0,24.385779114737975
13.00000000000001,-0.6521739130434696,105.0,24.241550954388856
13.10000000000001,-0.6521739130434696,105.0,24.098869317957238
13.20000000000001,-0.6521739130434696,105.0,23.95772146770563
13.300000000000011,-0.6521739130434696,105.0,23.818094704027533
13.400000000000011,-0.6521739130434696,105.0,23.679976372087438
13.50000000000001,-0.6521739130434696,105.0,23.543353867796554
13.600000000000012,-0.6521739130434696,105.0,23.408214643137203
13.700000000000012,-0.6521739130434696,105.0,23.27454621085271
13.800000000000011,-0.6521739130434696,105.0,23.142336148522805
13.900000000000011,-0.6521739130434696,105.0,23.011572102047676
14.00000000000001,-0.6521739130434696,105.0,22.882241788565604
14.100000000000012,-0.6521739130434696,105.0,22.754332998831483
14.200000000000012,-0.6521739130434696,105.0,22.627833599084795
14.300000000000011,-0.6521739130434696,105.0,22.50273153243685
14.400000000000013,-0.6521739130434696,106.30434782608694,22.3795659094762
14.500000000000012,-0.6521739130434696,106.30434782608694,22.259419568221947
14.600000000000012,-0.6521739130434696,106.30434782608694,22.140558824502744
14.700000000000012,-0.6521739130434696,106.30434782608694,22.022974149304368
14.800000000000011,-0.6521739130434696,106.30434782608694,21.906656016153228
14.900000000000013,-0.6521739130434696,106.30434782608694,21.791594903191772
15.000000000000012,-0.6521739130434696,106.30434782608694,21.677781294853922
15.100000000000012,-0.6521739130434696,106.30434782608694,21.56520568317827
15.200000000000014,-0.6521739130434696,106.30434782608694,21.45385856879507
15.300000000000013,-0.6521739130434696,106.30434782608694,21.343730461621945
15.400000000000013,-0.6521739130434696,106.30434782608694,21.234811881301656
15.500000000000012,-0.6521739130434696,106.30434782608694,21.127093357414022
15.600000000000012,-0.6521739130434696,106.30434782608694,21.020565429492315
15.700000000000014,-0.6521739130434696,106.30434782608694,20.915218646872905
15.800000000000013,-0.6521739130434696,106.30434782608694,20.811043568405474
15.900000000000013,-0.6521739130434696,106.30434782608694,20.70803076204919
16.000000000000014,-0.6521739130434696,106.30434782608694,20.60617080437868
16.100000000000016,-0.6521739130434696,106.30434782608694,20.505454280022345
16.200000000000014,-0.6521739130434696,106.30434782608694,20.405871781053058
16.30000000000001,-0.6521739130434696,106.30434782608694,20.307413906350835
16.400000000000013,-0.6521739130434696,106.30434782608694,20.2100712609545
16.500000000000014,-34.565217391304344,-98.47826086956522,20.1175674473057
16.600000000000016,-34.565217391304344,-98.47826086956522,20.034919419416042
16.700000000000014,-34.565217391304344,-98.47826086956522,19.95324095882926
16.800000000000015,-34.565217391304344,-98.47826086956522,19.87252335771483
16.900000000000013,-34.565217391304344,-98.47826086956522,19.792757933484026
17.000000000000014,-34.565217391304344,-98.47826086956522,19.71393602648945
17.100000000000016,-34.565217391304344,-98.47826086956522,19.636048997887883
17.200000000000014,-34.565217391304344,-98.47826086956522,19.55908822766791
17.300000000000015,-34.565217391304344,-99.78260869565217,19.483184905454628
17.400000000000013,-34.565217391304344,-99.78260869565217,19.40864165595722
17.500000000000014,-34.565217391304344,-99.78260869565217,19.33496966269367
17.600000000000016,-34.565217391304344,-99.78260869565217,19.262161219370082
17.700000000000014,-34.565217391304344,-99.78260869565217,19.19020860153366
17.800000000000015,-34.565217391304344,-99.78260869565217,19.11910406678747
17.900000000000016,-34.565217391304344,-99.78260869565217,19.048839855116196
18.000000000000014,-34.565217391304344,-99.78260869565217,18.979408189321145
18.100000000000016,-34.565217391304344,-99.78260869565217,18.910801275562225
18.200000000000017,-34.565217391304344,-99.78260869565217,18.84301130400444
18.300000000000015,-34.565217391304344,-99.78260869565217,18.776030449565635
18.400000000000016,-34.565217391304344,-99.78260869565217,18.709850872762317
18.500000000000014,-34.565217391304344,-99.78260869565217,18.644464720649662
18.600000000000016,-34.565217391304344,-99.78260869565217,18.579864127851764
18.700000000000017,-34.565217391304344,-99.78260869565217,18.516041217678037
18.800000000000015,-35.86956521739131,-99.78260869565217,18.45385921907976
18.900000000000016,-35.86956521739131,-99.78260869565217,18.39285679956304
19.000000000000014,-35.86956521739131,-99.78260869565217,18.332573829110064
19.100000000000016,-35.86956521739131,-99.78260869565217,18.273003022862007
19.200000000000017,-35.86956521739131,-99.78260869565217,18.21413708236921
19.300000000000015,-35.86956521739131,-99.78260869565217,18.155968697304424
19.400000000000016,-35.86956521739131,-99.78260869565217,18.098490547220795
19.500000000000018,-35.86956521739131,-99.78260869565217,18.041695303350206
19.600000000000016,-35.86956521739131,-99.78260869565217,17.985575630436937
19.700000000000017,-35.86956521739131,-99.78260869565217,17.93012418860212
19.80000000000002,-35.86956521739131,-99.78260869565217,17.875333635234437
19.900000000000016,-35.86956521739131,-99.78260869565217,17.821196626902523
20.000000000000018,-35.86956521739131,-99.78260869565217,17.76770582128467
20.100000000000016,-35.86956521739131,-99.78260869565217,17.714853879111676
20.200000000000017,-35.86956521739131,-99.78260869565217,17.662633466118532
20.30000000000002,-35.86956521739131,-99.78260869565217,17.611037255001047
20.400000000000016,-35.86956521739131,-99.78260869565217,17.560057927373425
20.500000000000018,-35.86956521739131,-99.78260869565217,17.50968817572316
20.600000000000016,-35.86956521739131,-99.78260869565217,17.45992070535956
20.700000000000017,-35.86956521739131,-99.78260869565217,17.410748236352457
20.80000000000002,-35.86956521739131,-99.78260869565217,17.362163505457897
20.900000000000016,-35.86956521739131,-99.78260869565217,17.314159268027534
21.000000000000018,-35.86956521739131,-99.78260869565217,17.266728299898908
21.10000000000002,-35.86956521739131,-99.78260869565217,17.21986339926355
21.200000000000017,-35.86956521739131,-99.78260869565217,17.173557388510563
21.30000000000002,-37.17391304347825,-99.78260869565217,17.127825696672318
21.40000000000002,-37.17391304347825,-99.78260869565217,17.083598922468035
21.500000000000018,-37.17391304347825,-99.78260869565217,17.039882319641414
21.60000000000002,-37.17391304347825,-99.78260869565217,16.9966693324785
21.700000000000017,-37.17391304347825,-99.78260869565217,16.95395343175352
21.80000000000002,-37.17391304347825,-99.78260869565217,16.91172811641437
21.90000000000002,-37.17391304347825,-99.78260869565217,16.869986915227702
22.000000000000018,-37.17391304347825,-99.78260869565217,16.828723388382162
22.10000000000002,-37.17391304347825,-99.78260869565217,16.787931129048864
22.200000000000017,-37.17391304347825,-99.78260869565217,16.747603764897768
22.30000000000002,-37.17391304347825,-99.78260869565217,16.707734959569464
22.40000000000002,-37.17391304347825,-99.78260869565217,16.668318414101318
22.500000000000018,-37.17391304347825,-99.78260869565217,16.62934786830739
22.60000000000002,-37.17391304347825,-99.78260869565217,16.59081710211166
22.70000000000002,-37.17391304347825,-99.78260869565217,16.55271993683398
22.80000000000002,-37.17391304347825,-99.78260869565217,16.51505023642858
22.90000000000002,-37.17391304347825,-99.78260869565217,16.477801908674667
23.00000000000002,-37.17391304347825,-99.78260869565217,16.440968906319167
23.10000000000002,-37.17391304347825,-99.78260869565217,16.404545228171447
23.20000000000002,-37.17391304347825,-99.78260869565217,16.36852492014998
23.30000000000002,-37.17391304347825,-99.78260869565217,16.332902076281126
23.40000000000002,-37.17391304347825,-99.78260869565217,16.297670839650184
23.50000000000002,-37.17391304347825,-99.78260869565217,16.262825403304937
23.60000000000002,-38.47826086956522,-99.78260869565217,16.228466024533823
23.70000000000002,-38.47826086956522,-99.78260869565217,16.19510510047613
23.80000000000002,-38.47826086956522,-99.78260869565217,16.162091408400233
23.90000000000002,-38.47826086956522,-99.78260869565217,16.12941977063496
24.00000000000002,-38.47826086956522,-99.78260869565217,16.097085057292528
24.10000000000002,-38.47826086956522,-99.78260869565217,16.06508218692307
24.20000000000002,-38.47826086956522,-99.78260869565217,16.033406127126128
24.300000000000022,-38.47826086956522,-99.78260869565217,16.002051895119997
24.40000000000002,-38.47826086956522,-99.78260869565217,15.971014558269564
24.50000000000002,-38.47826086956522,-99.78260869565217,15.940289234573283
24.600000000000023,-38.47826086956522,-99.78260869565217,15.909871093110201
24.70000000000002,-38.47826086956522,-99.78260869565217,15.87975535444774
24.800000000000022,-38.47826086956522,-99.78260869565217,15.849937291011068
24.90000000000002,-38.47826086956522,-99.78260869565217,15.820412227414865
25.00000000000002,-38.47826086956522,-99.78260869565217,15.791175540758386
25.100000000000023,-38.47826086956522,-98.47826086956522,15.7622570270613
25.20000000000002,-38.47826086956522,-98.47826086956522,15.733997615894884
25.300000000000022,-38.47826086956522,-98.47826086956522,15.706014449077237
25.40000000000002,-38.47826086956522,-98.47826086956522,15.678303005658558
25.50000000000002,-38.47826086956522,-98.47826086956522,15.650858820726263
25.600000000000023,-38.47826086956522,-98.47826086956522,15.623677485456433
25.70000000000002,-38.47826086956522,-98.47826086956522,15.596754647135482
25.800000000000022,-39.78260869565216,-98.47826086956522,15.570329445697919
25.900000000000023,-39.78260869565216,-98.47826086956522,15.544447915766312
26.00000000000002,-39.78260869565216,-98.47826086956522,15.51879547013047
26.100000000000023,-39.78260869565216,-98.47826086956522,15.493368322187225
26.200000000000024,-39.78260869565216,-98.47826086956522,15.46816273563606
26.300000000000022,-39.78260869565216,-98.47826086956522,15.4431750243884
26.400000000000023,-39.78260869565216,-97.17391304347827,15.418434167176354
26.50000000000002,-39.78260869565216,-97.17391304347827,15.39435860338353
26.600000000000023,-39.78260869565216,-97.17391304347827,15.370488760502049
26.700000000000024,-39.78260869565216,-97.17391304347827,15.346821115448082
26.800000000000022,-39.78260869565216,-97.17391304347827,15.323352195649443
26.900000000000023,-39.78260869565216,-97.17391304347827,15.300078578811526
27.00000000000002,-39.78260869565216,-97.17391304347827,15.276996892665426
27.100000000000023,-39.78260869565216,-97.17391304347827,15.254103814698984
27.200000000000024,-39.78260869565216,-97.17391304347827,15.231396071871494
27.300000000000022,-39.78260869565216,-97.17391304347827,15.208870440312822
27.400000000000023,-39.78260869565216,-97.17391304347827,15.18652374500762
27.500000000000025,-41.086956521739125,-95.8695652173913,15.164654204488375
27.600000000000023,-41.086956521739125,-95.8695652173913,15.143588931808884
27.700000000000024,-41.086956521739125,-95.8695652173913,15.12267682230002
27.800000000000026,-41.086956521739125,-95.8695652173913,15.101915186297429
27.900000000000023,-41.086956521739125,-95.8695652173913,15.081301376372123
28.000000000000025,-41.086956521739125,-95.8695652173913,15.060832786996965
28.100000000000023,-41.086956521739125,-95.8695652173913,15.040506854203313
28.200000000000024,-41.086956521739125,-95.8695652173913,15.020321055228443
28.300000000000026,-41.086956521739125,-94.56521739130434,15.000690591736953
28.400000000000023,-41.086956521739125,-94.56521739130434,14.981290454609002
28.500000000000025,-41.086956521739125,-94.56521739130434,14.962019720963584
28.600000000000023,-41.086956521739125,-94.56521739130434,14.942876059285368
28.700000000000024,-41.086956521739125,-94.56521739130434,14.92385717676516
28.800000000000026,-41.086956521739125,-94.56521739130434,14.904960818916539
28.900000000000023,-41.086956521739125,-94.56521739130434,14.88618476918659
29.000000000000025,-42.39130434782609,-93.26086956521739,14.86804899943617
29.100000000000026,-42.39130434782609,-93.26086956521739,14.850340112174058
29.200000000000024,-42.39130434782609,-93.26086956521739,14.832730047946132
29.300000000000026,-42.39130434782609,-93.26086956521739,14.815217022883276
29.400000000000027,-42.39130434782609,-93.26086956521739,14.79779928371891
29.500000000000025,-42.39130434782609,-93.26086956521739,14.780475107457562
29.600000000000026,-42.39130434782609,-93.26086956521739,14.763242801039995
29.700000000000024,-42.39130434782609,-91.95652173913044,14.746369769534555
29.800000000000026,-42.39130434782609,-91.95652173913044,14.729812906210478
29.900000000000027,-42.39130434782609,-91.95652173913044,14.713339254927877
30.000000000000025,-42.39130434782609,-91.95652173913044,14.69694729022347
30.100000000000026,-42.39130434782609,-91.95652173913044,14.680635513508339
30.200000000000024,-43.69565217391303,-90.65217391304347,14.664996221518356
30.300000000000026,-43.69565217391303,-90.65217391304347,14.649570926781456
30.400000000000027,-43.69565217391303,-90.65217391304347,14.634208328121556
30.500000000000025,-43.69565217391303,-90.65217391304347,14.618907288780505
30.600000000000026,-43.69565217391303,-90.65217391304347,14.603666692134174
30.700000000000028,-43.69565217391303,-90.65217391304347,14.588485441463794
30.800000000000026,-43.69565217391303,-90.65217391304347,14.573362459725741
30.900000000000027,-45.0,-89.34782608695652,14.558616707027733
31.00000000000003,-45.0,-89.34782608695652,14.544280554159348
31.100000000000026,-45.0,-89.34782608695652,14.5299876148731
31.200000000000028,-45.0,-89.34782608695652,14.515737122299063
31.300000000000026,-45.0,-88.04347826086956,14.50156083153878
31.400000000000027,-45.0,-88.04347826086956,14.487840198473766
31.50000000000003,-45.0,-88.04347826086956,14.47415663621835
31.600000000000026,-45.0,-88.04347826086956,14.460509479596741
31.700000000000028,-45.0,-88.04347826086956,14.44689807508366
31.800000000000026,-46.30434782608697,-86.73913043478261,14.433491150655545
31.900000000000027,-46.30434782608697,-86.73913043478261,14.420525913079699
32.00000000000003,-46.30434782608697,-86.73913043478261,14.407584631036404
32.10000000000002,-46.30434782608697,-86.73913043478261,14.394666892081693
32.20000000000003,-46.30434782608697,-86.73913043478261,14.381772290737965
32.300000000000026,-46.30434782608697,-86.73913043478261,14.36890042846038
32.40000000000003,-47.60869565217391,-85.43478260869566,14.356210990340221
32.50000000000003,-47.60869565217391,-85.43478260869566,14.34390039618341
32.60000000000003,-47.60869565217391,-85.43478260869566,14.331602806865089
32.70000000000003,-47.60869565217391,-85.43478260869566,14.319318018425154
32.800000000000026,-47.60869565217391,-84.13043478260869,14.307275670479497
32.90000000000003,-47.60869565217391,-84.13043478260869,14.29540607542562
33.00000000000003,-47.60869565217391,-84.13043478260869,14.283546561646482
33.10000000000003,-47.60869565217391,-84.13043478260869,14.271696963968543
33.20000000000003,-47.60869565217391,-84.13043478260869,14.259857119421495
33.300000000000026,-48.913043478260875,-82.82608695652173,14.248406956586653
33.40000000000003,-48.913043478260875,-82.82608695652173,14.237008449797704
33.50000000000003,-48.913043478260875,-82.82608695652173,14.225612699912933
33.60000000000003,-48.913043478260875,-82.82608695652173,14.214219677806668
33.70000000000003,-48.913043478260875,-82.82608695652173,14.20282935407996
33.800000000000026,-50.217391304347814,-81.52173913043478,14.191456307334798
33.90000000000003,-50.217391304347814,-81.52173913043478,14.180445079265553
34.00000000000003,-50.217391304347814,-81.52173913043478,14.169431040817967
34.10000000000003,-50.217391304347814,-81.52173913043478,14.158414262490714
34.20000000000003,-50.217391304347814,-80.21739130434783,14.147591033121046
34.30000000000003,-50.217391304347814,-80.21739130434783,14.136913309618835
34.40000000000003,-50.217391304347814,-80.21739130434783,14.126231790910623
34.50000000000003,-50.217391304347814,-80.21739130434783,14.115546544217592
34.60000000000003,-50.217391304347814,-80.21739130434783,14.104857634706851
34.70000000000003,-50.217391304347814,-80.21739130434783,14.094165125617483
34.80000000000003,-51.52173913043478,-78.91304347826087,14.08360771786534
34.90000000000003,-51.52173913043478,-78.91304347826087,14.073203083025904
35.00000000000003,-51.52173913043478,-78.91304347826087,14.062791312777525
35.10000000000003,-51.52173913043478,-78.91304347826087,14.05237252711237
35.20000000000003,-51.52173913043478,-78.91304347826087,14.041946843290297
35.30000000000003,-51.52173913043478,-77.6086956521739,14.031711128638356
35.400000000000034,-51.52173913043478,-77.6086956521739,14.021597317429142
35.50000000000003,-51.52173913043478,-77.6086956521739,14.011475977526862
35.60000000000003,-51.52173913043478,-77.6086956521739,14.00134721123849
35.70000000000003,-51.52173913043478,-77.6086956521739,13.991211118578578
35.80000000000003,-51.52173913043478,-77.6086956521739,13.98106779739286
35.900000000000034,-51.52173913043478,-77.6086956521739,13.970917343477268
36.00000000000003,-52.82608695652175,-76.30434782608695,13.960958727975369
36.10000000000003,-52.82608695652175,-76.30434782608695,13.951024012372693
36.20000000000003,-52.82608695652175,-76.30434782608695,13.941080079356642
36.30000000000003,-51.52173913043478,-76.30434782608695,13.93121797683276
36.400000000000034,-52.82608695652175,-75.0,13.921398562425644
36.50000000000003,-52.82608695652175,-75.0,13.91173906992743
36.60000000000003,-52.82608695652175,-75.0,13.902070001425598
36.70000000000003,-52.82608695652175,-75.0,13.892391460494062
36.80000000000003,-52.82608695652175,-75.0,13.882703548958897
36.900000000000034,-52.82608695652175,-75.0,13.87300636700097
37.00000000000003,-52.82608695652175,-75.0,13.863300013254854
37.10000000000003,-52.82608695652175,-73.69565217391305,13.853721538082807
37.20000000000003,-52.82608695652175,-73.69565217391305,13.844306883198742
37.30000000000003,-52.82608695652175,-73.69565217391305,13.834882418527016
37.400000000000034,-52.82608695652175,-73.69565217391305,13.825448227855542
37.500000000000036,-52.82608695652175,-73.69565217391305,13.816004393963908
37.60000000000003,-52.82608695652175,-73.69565217391305,13.806550998705596
37.70000000000003,-52.82608695652175,-73.69565217391305,13.797088123086715
37.80000000000003,-52.82608695652175,-72.39130434782608,13.787761036047522
37.900000000000034,-52.82608695652175,-72.39130434782608,13.778586552173644
38.000000000000036,-52.82608695652175,-72.39130434782608,13.769401816237242
38.10000000000003,-52.82608695652175,-72.39130434782608,13.760206898308342
38.20000000000003,-52.82608695652175,-72.39130434782608,13.751001868078212
38.30000000000003,-52.82608695652175,-72.39130434782608,13.741786794922351
38.400000000000034,-52.82608695652175,-72.39130434782608,13.732561747960483
38.500000000000036,-52.82608695652175,-71.08695652173913,13.72357471889837
38.60000000000004,-52.82608695652175,-71.08695652173913,13.71463336079676
38.70000000000003,-52.82608695652175,-71.08695652173913,13.705681149706368
38.80000000000003,-52.82608695652175,-71.08695652173913,13.696718147503764
38.900000000000034,-52.82608695652175,-71.08695652173913,13.687744416200665
39.000000000000036,-52.82608695652175,-71.08695652173913,13.678760017989507
39.10000000000004,-52.82608695652175,-69.78260869565217,13.669898865541944
39.20000000000003,-52.82608695652175,-69.78260869565217,13.661193199306874
39.30000000000003,-52.82608695652175,-69.78260869565217,13.652475911116664
39.400000000000034,-52.82608695652175,-69.78260869565217,13.643747058978779
39.500000000000036,-52.82608695652175,-69.78260869565217,13.635006701403121
39.60000000000004,-52.82608695652175,-69.78260869565217,13.626254897434448
39.70000000000003,-52.82608695652175,-68.47826086956522,13.617592573235319
39.80000000000003,-52.82608695652175,-68.47826086956522,13.609113536853819
39.900000000000034,-52.82608695652175,-68.47826086956522,13.60062204488569
40.000000000000036,-52.82608695652175,-68.47826086956522,13.592118154926172
40.10000000000004,-52.82608695652175,-68.47826086956522,13.58360192535782
40.20000000000003,-52.82608695652175,-68.47826086956522,13.57507341537141
40.30000000000003,-52.82608695652175,-67.17391304347827,13.566672076341739
40.400000000000034,-52.82608695652175,-67.17391304347827,13.558409479987851
40.500000000000036,-52.82608695652175,-67.17391304347827,13.550133560897635
40.60000000000004,-52.82608695652175,-67.17391304347827,13.541844379171287
40.70000000000004,-52.82608695652175,-67.17391304347827,13.533541995903276
40.80000000000003,-52.82608695652175,-67.17391304347827,13.525226473193337
40.900000000000034,-52.82608695652175,-65.86956521739131,13.517137741370119
41.000000000000036,-52.82608695652175,-65.86956521739131,13.509080523766928
41.10000000000004,-52.82608695652175,-65.86956521739131,13.501009111122778
41.20000000000004,-52.82608695652175,-65.86956521739131,13.492923568410701
41.30000000000003,-52.82608695652175,-65.86956521739131,13.484823961733964
41.400000000000034,-52.82608695652175,-64.56521739130434,13.476824045238196
41.500000000000036,-52.82608695652175,-64.56521739130434,13.468975636757857
41.60000000000004,-52.82608695652175,-64.56521739130434,13.461112110070879
41.70000000000004,-52.82608695652175,-64.56521739130434,13.453233535640088
41.80000000000004,-52.82608695652175,-64.56521739130434,13.44533998513484
41.900000000000034,-52.82608695652175,-63.26086956521738,13.43747532674228
42.000000000000036,-52.82608695652175,-63.26086956521738,13.429825364324978
42.10000000000004,-52.82608695652175,-63.26086956521738,13.422159386426454
42.20000000000004,-52.82608695652175,-63.26086956521738,13.414477470252788
42.30000000000004,-52.82608695652175,-63.26086956521738,13.406779694249362
42.400000000000034,-52.82608695652175,-61.95652173913044,13.399089125228008
42.500000000000036,-52.82608695652175,-61.95652173913044,13.391626920172145
42.60000000000004,-52.82608695652175,-61.95652173913044,13.384147842645318
42.70000000000004,-52.82608695652175,-61.95652173913044,13.376651977506429
42.80000000000004,-51.52173913043478,-61.95652173913044,13.36915657048991
42.900000000000034,-51.52173913043478,-61.95652173913044,13.36178381401656
43.000000000000036,-51.52173913043478,-61.95652173913044,13.35439395954097
43.10000000000004,-52.82608695652175,-60.65217391304347,13.347066357290915
43.20000000000004,-51.52173913043478,-60.65217391304347,13.339830856364795
43.30000000000004,-51.52173913043478,-60.65217391304347,13.332648176325316
43.400000000000034,-51.52173913043478,-60.65217391304347,13.325447527502565
43.500000000000036,-51.52173913043478,-60.65217391304347,13.31822900819148
43.60000000000004,-51.52173913043478,-59.34782608695653,13.311072023244138
43.70000000000004,-51.52173913043478,-59.34782608695653,13.304069945103274
43.80000000000004,-51.52173913043478,-59.34782608695653,13.297049083346801
43.90000000000004,-51.52173913043478,-59.34782608695653,13.290009543845455
44.000000000000036,-51.52173913043478,-59.34782608695653,13.282951433518242
44.10000000000004,-51.52173913043478,-58.04347826086956,13.276051378146018
44.20000000000004,-51.52173913043478,-58.04347826086956,13.269200874762868
44.30000000000004,-51.52173913043478,-58.04347826086956,13.262330947616498
44.40000000000004,-51.52173913043478,-58.04347826086956,13.25544171111335
44.500000000000036,-51.52173913043478,-56.739130434782595,13.248589603613334
44.60000000000004,-51.52173913043478,-56.739130434782595,13.241900062417733
44.70000000000004,-51.52173913043478,-56.739130434782595,13.235190415991084
44.80000000000004,-51.52173913043478,-56.739130434782595,13.228460786057404
44.90000000000004,-51.52173913043478,-56.739130434782595,13.22171129521292
45.00000000000004,-51.52173913043478,-55.434782608695656,13.215139823865334
45.10000000000004,-51.52173913043478,-55.434782608695656,13.208581225703803
45.20000000000004,-51.52173913043478,-55.434782608695656,13.202002036663325
45.30000000000004,-51.52173913043478,-55.434782608695656,13.195402386277697
45.40000000000004,-51.52173913043478,-54.13043478260869,13.188909717889926
45.50000000000004,-51.52173913043478,-54.13043478260869,13.182493087348677
45.60000000000004,-51.52173913043478,-54.13043478260869,13.176055326839348
45.70000000000004,-51.52173913043478,-54.13043478260869,13.169596572445045
45.80000000000004,-50.217391304347814,-54.13043478260869,13.163206796266627
45.90000000000004,-51.52173913043478,-52.82608695652175,13.15691233042124
46.00000000000004,-51.52173913043478,-52.82608695652175,13.15060717417302
46.10000000000004,-50.217391304347814,-52.82608695652175,13.144397222605841
46.20000000000004,-50.217391304347814,-52.82608695652175,13.138191628941298
46.30000000000004,-50.217391304347814,-52.82608695652175,13.131964438708772
46.40000000000004,-50.217391304347814,-51.52173913043478,13.125794537907247
46.50000000000004,-50.217391304347814,-51.52173913043478,13.11973234864989
46.60000000000004,-50.217391304347814,-51.52173913043478,13.113648056006848
46.70000000000004,-50.217391304347814,-51.52173913043478,13.107541809284754
46.80000000000004,-50.217391304347814,-50.217391304347814,13.101477347411913
46.90000000000004,-50.217391304347814,-50.217391304347814,13.095528619973953
47.00000000000004,-50.217391304347814,-50.217391304347814,13.089557493151261
47.100000000000044,-50.217391304347814,-50.217391304347814,13.08356412066859
47.20000000000004,-50.217391304347814,-48.913043478260875,13.077607475402306
47.30000000000004,-50.217391304347814,-48.913043478260875,13.07176428194693
47.40000000000004,-50.217391304347814,-48.913043478260875,13.065898456412036
47.50000000000004,-50.217391304347814,-48.913043478260875,13.06001015631147
47.600000000000044,-50.217391304347814,-47.60869565217391,13.054162595946588
47.70000000000004,-50.217391304347814,-47.60869565217391,13.048417335738472
47.80000000000004,-50.217391304347814,-47.60869565217391,13.042649271598183
47.90000000000004,-50.217391304347814,-47.60869565217391,13.036858564210368
48.00000000000004,-50.217391304347814,-46.30434782608697,13.031117959292235
48.100000000000044,-50.217391304347814,-46.30434782608697,13.025463323767152
48.200000000000045,-50.217391304347814,-46.30434782608697,13.019785769360492
48.30000000000004,-50.217391304347814,-46.30434782608697,13.014085459309149
48.40000000000004,-48.913043478260875,-46.30434782608697,13.00848799160354
48.50000000000004,-50.217391304347814,-45.0,13.00287755117632
48.600000000000044,-48.913043478260875,-45.0,12.997357217145568
48.700000000000045,-48.913043478260875,-45.0,12.991871655296398
48.80000000000004,-48.913043478260875,-45.0,12.986363210176375
48.90000000000004,-48.913043478260875,-45.0,12.98083204520315
49.00000000000004,-48.913043478260875,-43.69565217391303,12.975406568035147
49.100000000000044,-48.913043478260875,-43.69565217391303,12.969996604256579
49.200000000000045,-48.913043478260875,-43.69565217391303,12.964563769697456
49.30000000000004,-48.913043478260875,-43.69565217391303,12.959108228645396
49.40000000000004,-48.913043478260875,-42.39130434782609,12.953769420498439
49.50000000000004,-48.913043478260875,-42.39130434782609,12.948428926780274
49.600000000000044,-48.913043478260875,-42.39130434782609,12.943065617685376
49.700000000000045,-48.913043478260875,-42.39130434782609,12.937679657881803
49.80000000000004,-48.913043478260875,-41.086956521739125,12.932421480729799
49.90000000000004,-48.913043478260875,-41.086956521739125,12.927144673604213
50.00000000000004,-48.913043478260875,-41.086956521739125,12.921845146654706
50.100000000000044,-48.913043478260875,-39.78260869565216,12.916532058591953
50.200000000000045,-48.913043478260875,-39.78260869565216,12.911336178080811
50.30000000000005,-48.913043478260875,-39.78260869565216,12.906117544982566
50.40000000000004,-48.913043478260875,-39.78260869565216,12.90087632361606
50.50000000000004,-47.60869565217391,-39.78260869565216,12.895735832797506
50.600000000000044,-47.60869565217391,-39.78260869565216,12.89057544952507
50.700000000000045,-47.60869565217391,-38.47826086956522,12.885435879977486
50.80000000000005,-47.60869565217391,-38.47826086956522,12.880372754781515
50.90000000000004,-47.60869565217391,-38.47826086956522,12.875287247047243
51.00000000000004,-47.60869565217391,-38.47826086956522,12.870179516061087
51.100000000000044,-47.60869565217391,-37.17391304347825,12.865092768083459
51.200000000000045,-47.60869565217391,-37.17391304347825,12.86007713941713
51.30000000000005,-47.60869565217391,-37.17391304347825,12.85503933015366
51.40000000000005,-47.60869565217391,-37.17391304347825,12.8499794982345
51.50000000000004,-47.60869565217391,-35.86956521739131,12.844934067001052
51.600000000000044,-47.60869565217391,-35.86956521739131,12.839961356079431
51.700000000000045,-47.60869565217391,-35.86956521739131,12.834966689878998
51.80000000000005,-47.60869565217391,-35.86956521739131,12.829950224794683
51.90000000000005,-47.60869565217391,-34.565217391304344,12.824936154928197
52.00000000000004,-47.60869565217391,-34.565217391304344,12.820002050943932
52.100000000000044,-47.60869565217391,-34.565217391304344,12.815046238373176
52.200000000000045,-46.30434782608697,-34.565217391304344,12.810167587314197
52.30000000000005,-46.30434782608697,-34.565217391304344,12.805290882155584
52.40000000000005,-46.30434782608697,-34.565217391304344,12.800392842761633
52.50000000000004,-46.30434782608697,-33.26086956521738,12.795518034031343
52.600000000000044,-46.30434782608697,-33.26086956521738,12.790697874170263
52.700000000000045,-46.30434782608697,-33.26086956521738,12.785856501407906
52.80000000000005,-46.30434782608697,-33.26086956521738,12.78099406338307
52.90000000000005,-46.30434782608697,-31.956521739130437,12.776161857973479
53.00000000000004,-46.30434782608697,-31.956521739130437,12.771373883612648
53.100000000000044,-46.30434782608697,-31.956521739130437,12.766564996584979
53.200000000000045,-46.30434782608697,-31.956521739130437,12.761735342748093
53.30000000000005,-46.30434782608697,-30.65217391304347,12.75690236632518
53.40000000000005,-46.30434782608697,-30.65217391304347,12.75214315102096
53.50000000000005,-46.30434782608697,-30.65217391304347,12.74736333710065
53.600000000000044,-45.0,-30.65217391304347,12.742654840686523
53.700000000000045,-45.0,-30.65217391304347,12.737954315110803
53.80000000000005,-45.0,-30.65217391304347,12.733233544732537
53.90000000000005,-45.0,-29.34782608695653,12.728501042335852
54.00000000000005,-45.0,-29.34782608695653,12.723846886540878
54.100000000000044,-45.0,-29.34782608695653,12.719172665493204
54.200000000000045,-45.0,-29.34782608695653,12.714478515874328
54.30000000000005,-45.0,-29.34782608695653,12.709764574395594
54.40000000000005,-45.0,-28.043478260869563,12.705089086534063
54.50000000000005,-45.0,-28.043478260869563,12.700438154844733
54.60000000000005,-45.0,-28.043478260869563,12.695767620010528
54.700000000000045,-43.69565217391303,-28.043478260869563,12.691092596049828
54.80000000000005,-43.69565217391303,-28.043478260869563,12.686501755869417
54.90000000000005,-43.69565217391303,-28.043478260869563,12.68189163267574
55.00000000000005,-43.69565217391303,-26.739130434782595,12.677295852339228
55.10000000000005,-43.69565217391303,-26.739130434782595,12.672745352802945
55.200000000000045,-43.69565217391303,-26.739130434782595,12.668175762507438
55.30000000000005,-43.69565217391303,-26.739130434782595,12.663587209282571
55.40000000000005,-43.69565217391303,-26.739130434782595,12.658979821076622
55.50000000000005,-43.69565217391303,-25.434782608695656,12.654357078899562
55.60000000000005,-43.69565217391303,-25.434782608695656,12.64980507189589
55.700000000000045,-43.69565217391303,-25.434782608695656,12.645234415129055
55.80000000000005,-42.39130434782609,-25.434782608695656,12.640663033313569
55.90000000000005,-42.39130434782609,-25.434782608695656,12.63617246697481
56.00000000000005,-42.39130434782609,-25.434782608695656,12.631663531265747
56.10000000000005,-42.39130434782609,-25.434782608695656,12.62713634748151
56.200000000000045,-42.39130434782609,-25.434782608695656,12.622591037101575
56.30000000000005,-42.39130434782609,-25.434782608695656,12.618027721785399
56.40000000000005,-42.39130434782609,-24.13043478260869,12.613484471342408
56.50000000000005,-42.39130434782609,-24.13043478260869,12.608970053793444
56.60000000000005,-42.39130434782609,-24.13043478260869,12.60443776550089
56.70000000000005,-42.39130434782609,-24.13043478260869,12.59988772655348
56.80000000000005,-41.086956521739125,-24.13043478260869,12.59540090645632
56.90000000000005,-41.086956521739125,-24.13043478260869,12.590930901715687
57.00000000000005,-41.086956521739125,-24.13043478260869,12.58644338389897
57.10000000000005,-41.086956521739125,-22.82608695652175,12.581964500870908
57.20000000000005,-41.086956521739125,-22.82608695652175,12.577522314950976
57.30000000000005,-41.086956521739125,-22.82608695652175,12.573062743051059
57.40000000000005,-41.086956521739125,-22.82608695652175,12.568585899392271
57.50000000000005,-41.086956521739125,-22.82608695652175,12.564091898447508
57.60000000000005,-41.086956521739125,-22.82608695652175,12.559580854935245
57.70000000000005,-39.78260869565216,-22.82608695652175,12.555110750898168
57.800000000000054,-39.78260869565216,-21.52173913043478,12.550679356501774
57.90000000000005,-39.78260869565216,-21.52173913043478,12.546306650083974
58.00000000000005,-39.78260869565216,-21.52173913043478,12.541917002515131
58.10000000000005,-39.78260869565216,-21.52173913043478,12.537510522842885
58.20000000000005,-39.78260869565216,-21.52173913043478,12.533087320421881
58.300000000000054,-39.78260869565216,-21.52173913043478,12.5286475049065
58.40000000000005,-39.78260869565216,-21.52173913043478,12.524191186243344
58.50000000000005,-39.78260869565216,-20.217391304347814,12.519756609631154
58.60000000000005,-39.78260869565216,-20.217391304347814,12.515338680726178
58.70000000000005,-38.47826086956522,-20.217391304347814,12.510997857215184
58.800000000000054,-38.47826086956522,-20.217391304347814,12.506658635084769
58.90000000000005,-38.47826086956522,-20.217391304347814,12.502303088818964
59.00000000000005,-38.47826086956522,-20.217391304347814,12.497931323707423
59.10000000000005,-38.47826086956522,-20.217391304347814,12.493543445376813
59.20000000000005,-38.47826086956522,-20.217391304347814,12.4891395597823
59.300000000000054,-38.47826086956522,-18.913043478260875,12.484753294446223
59.40000000000005,-38.47826086956522,-18.913043478260875,12.480384363076864
59.50000000000005,-37.17391304347825,-18.913043478260875,12.476027490998815
59.60000000000005,-37.17391304347825,-18.913043478260875,12.471736275941483
59.70000000000005,-37.17391304347825,-18.913043478260875,12.467429205721022
59.800000000000054,-37.17391304347825,-18.913043478260875,12.463106382329773
59.900000000000055,-37.17391304347825,-18.913043478260875,12.458767908123276
60.00000000000005,-37.17391304347825,-18.913043478260875,12.454413885810805
60.10000000000005,-37.17391304347825,-17.608695652173907,12.450048923538084
60.20000000000005,-37.17391304347825,-17.608695652173907,12.44572643043702
60.300000000000054,-37.17391304347825,-17.608695652173907,12.441388500736098
60.400000000000055,-35.86956521739131,-17.608695652173907,12.437118289914888
60.50000000000005,-35.86956521739131,-17.608695652173907,12.432856741771955
60.60000000000005,-35.86956521739131,-17.608695652173907,12.428579872855503
60.70000000000005,-35.86956521739131,-17.608695652173907,12.424287782942288
60.800000000000054,-35.86956521739131,-17.608695652173907,12.419980572177254
60.900000000000055,-35.86956521739131,-17.608695652173907,12.415658341063448
61.00000000000006,-35.86956521739131,-16.304347826086968,12.411329331193636
61.10000000000005,-35.86956521739131,-16.304347826086968,12.407035223414896
61.20000000000005,-34.565217391304344,-16.304347826086968,12.402801472624338
61.300000000000054,-34.565217391304344,-16.304347826086968,12.398582582633225
61.400000000000055,-34.565217391304344,-16.304347826086968,12.394348781428189
61.50000000000006,-34.565217391304344,-16.304347826086968,12.39010016682913
61.60000000000005,-34.565217391304344,-16.304347826086968,12.385836837027867
61.70000000000005,-34.565217391304344,-16.304347826086968,12.381558890577459
61.800000000000054,-34.565217391304344,-16.304347826086968,12.377266426381533
61.900000000000055,-34.565217391304344,-16.304347826086968,12.372959543683708
62.00000000000006,-33.26086956521738,-15.0,12.368716956201412
62.10000000000005,-33.26086956521738,-15.0,12.36453712187117
62.20000000000005,-33.26086956521738,-15.0,12.360342765205074
62.300000000000054,-33.26086956521738,-15.0,12.356133982599093
62.400000000000055,-33.26086956521738,-15.0,12.351910870815273
62.50000000000006,-33.26086956521738,-15.0,12.347673526970624
62.60000000000005,-33.26086956521738,-15.0,12.343422048526106
62.70000000000005,-33.26086956521738,-15.0,12.33915653327568
62.800000000000054,-31.956521739130437,-15.0,12.334959274865657
62.900000000000055,-31.956521739130437,-15.0,12.330765869617064
63.00000000000006,-31.956521739130437,-15.0,12.326558499346119
63.10000000000006,-31.956521739130437,-13.695652173913032,12.32238337858874
63.20000000000005,-31.956521739130437,-13.695652173913032,12.31819713415688
63.300000000000054,-31.956521739130437,-13.695652173913032,12.313997032876474
63.400000000000055,-31.956521739130437,-13.695652173913032,12.309783171180355
63.50000000000006,-31.956521739130437,-13.695652173913032,12.305555645818982
63.60000000000006,-31.956521739130437,-13.695652173913032,12.301314553849279
63.70000000000005,-30.65217391304347,-13.695652173913032,12.297150453012918
63.800000000000054,-30.65217391304347,-13.695652173913032,12.29297846651599
63.900000000000055,-30.65217391304347,-13.695652173913032,12.288792966572471
64.00000000000006,-30.65217391304347,-13.695652173913032,12.284594049040479
64.10000000000005,-30.65217391304347,-13.695652173913032,12.280381810075774
64.20000000000006,-30.65217391304347,-12.391304347826093,12.27618474996876
64.30000000000005,-30.65217391304347,-12.391304347826093,12.2719903618132
64.40000000000006,-30.65217391304347,-12.391304347826093,12.267782767529853
64.50000000000006,-30.65217391304347,-12.391304347826093,12.263562063726557
64.60000000000005,-29.34782608695653,-12.391304347826093,12.259395578351576
64.70000000000006,-29.34782608695653,-12.391304347826093,12.255240602556677
64.80000000000005,-29.34782608695653,-12.391304347826093,12.251072554990701
64.90000000000006,-29.34782608695653,-12.391304347826093,12.246891531282536
65.00000000000006,-29.34782608695653,-12.391304347826093,12.242697627322293
65.10000000000005,-29.34782608695653,-12.391304347826093,12.238490939250266
65.20000000000006,-29.34782608695653,-12.391304347826093,12.234271563446057
65.30000000000005,-29.34782608695653,-12.391304347826093,12.230039596517825
65.40000000000006,-29.34782608695653,-12.391304347826093,12.225795135291508
65.50000000000006,-28.043478260869563,-11.086956521739125,12.221576335394811
65.60000000000005,-28.043478260869563,-11.086956521739125,12.217433663518554
65.70000000000006,-28.043478260869563,-11.086956521739125,12.213278357608097
65.80000000000005,-28.043478260869563,-11.086956521739125,12.209110513235611
65.90000000000006,-28.043478260869563,-11.086956521739125,12.20493022619336
66.00000000000006,-28.043478260869563,-11.086956521739125,12.200737592482994
66.10000000000005,-28.043478260869563,-11.086956521739125,12.19653270830487
66.20000000000006,-28.043478260869563,-11.086956521739125,12.192315670047593
66.30000000000005,-28.043478260869563,-11.086956521739125,12.18808657427755
66.40000000000006,-28.043478260869563,-11.086956521739125,12.183845517728619
66.50000000000006,-28.043478260869563,-11.086956521739125,12.179592597291922
66.60000000000005,-26.739130434782595,-11.086956521739125,12.175331371630076
66.70000000000006,-26.739130434782595,-11.086956521739125,12.171136251415312
66.80000000000005,-26.739130434782595,-11.086956521739125,12.166929280137971
66.90000000000006,-26.739130434782595,-9.782608695652158,12.162730221059578
67.00000000000006,-26.739130434782595,-9.782608695652158,12.158534561947574
67.10000000000007,-26.739130434782595,-9.782608695652158,12.154327185944435
67.20000000000006,-26.739130434782595,-9.782608695652158,12.150108189447197
67.30000000000005,-26.739130434782595,-9.782608695652158,12.145877668977809
67.40000000000006,-26.739130434782595,-9.782608695652158,12.141635721173364
67.50000000000006,-26.739130434782595,-9.782608695652158,12.137382442776309
67.60000000000007,-26.739130434782595,-9.782608695652158,12.133117930624886
67.70000000000006,-26.739130434782595,-9.782608695652158,12.128842281643614
67.80000000000005,-25.434782608695656,-9.782608695652158,12.124570535352252
67.90000000000006,-25.434782608695656,-9.782608695652158,12.12034784780945
68.00000000000006,-25.434782608695656,-9.782608695652158,12.116114027544619
68.10000000000007,-25.434782608695656,-9.782608695652158,12.111869170925587
68.20000000000006,-25.434782608695656,-9.782608695652158,12.107613374390102
68.30000000000005,-25.434782608695656,-9.782608695652158,12.103346734436554
68.40000000000006,-25.434782608695656,-9.782608695652158,12.099069347614895
68.50000000000006,-25.434782608695656,-9.782608695652158,12.094781310517643
68.60000000000007,-25.434782608695656,-8.478260869565219,12.090484482650005
68.70000000000006,-25.434782608695656,-8.478260869565219,12.086205261796945
68.80000000000005,-25.434782608695656,-8.478260869565219,12.081915538512787
68.90000000000006,-25.434782608695656,-8.478260869565219,12.077615409441503
69.00000000000006,-25.434782608695656,-8.478260869565219,12.073304971235794
69.10000000000007,-25.434782608695656,-8.478260869565219,12.06898432054863
69.20000000000006,-25.434782608695656,-8.478260869565219,12.064653554024868
69.30000000000005,-25.434782608695656,-8.478260869565219,12.06031276829299
69.40000000000006,-24.13043478260869,-8.478260869565219,12.05598981795145
69.50000000000006,-24.13043478260869,-8.478260869565219,12.051695082070086
69.60000000000007,-24.13043478260869,-8.478260869565219,12.047390319564368
69.70000000000006,-24.13043478260869,-8.478260869565219,12.043075626593895
69.80000000000007,-24.13043478260869,-8.478260869565219,12.03875109928631
69.90000000000006,-24.13043478260869,-8.478260869565219,12.034416833729365
70.00000000000006,-24.13043478260869,-8.478260869565219,12.030072925963092
70.10000000000007,-24.13043478260869,-8.478260869565219,12.025719471972069
70.20000000000006,-24.13043478260869,-8.478260869565219,12.021356567677778
70.30000000000007,-24.13043478260869,-8.478260869565219,12.01698430893113
70.40000000000006,-24.13043478260869,-8.478260869565219,12.012602791504982
70.50000000000006,-24.13043478260869,-8.478260869565219,12.00821211108691
70.60000000000007,-24.13043478260869,-8.478260869565219,12.003812363271923
70.70000000000006,-22.82608695652175,-7.173913043478251,11.99946020163165
70.80000000000007,-22.82608695652175,-7.173913043478251,11.995128128973063
70.90000000000006,-22.82608695652175,-7.173913043478251,11.990786860896096
71.00000000000006,-22.82608695652175,-7.173913043478251,11.9864364926149
71.10000000000007,-22.82608695652175,-7.173913043478251,11.982077119242858
71.20000000000006,-22.82608695652175,-7.173913043478251,11.97770883578558
71.30000000000007,-22.82608695652175,-7.173913043478251,11.973331737134085
71.40000000000006,-22.82608695652175,-7.173913043478251,11.968945918058017
71.50000000000006,-22.82608695652175,-7.173913043478251,11.964551473199016
71.60000000000007,-22.82608695652175,-7.173913043478251,11.960148497064141
71.70000000000006,-22.82608695652175,-7.173913043478251,11.95573708401943
71.80000000000007,-22.82608695652175,-7.173913043478251,11.951317328283576
71.90000000000006,-22.82608695652175,-7.173913043478251,11.946889323921626
72.00000000000006,-21.52173913043478,-7.173913043478251,11.942482197034273
72.10000000000007,-21.52173913043478,-7.173913043478251,11.938093874990052
72.20000000000006,-21.52173913043478,-7.173913043478251,11.933697309237779
72.30000000000007,-21.52173913043478,-7.173913043478251,11.929292593319637
72.40000000000006,-21.52173913043478,-7.173913043478251,11.92487982061037
72.50000000000006,-21.52173913043478,-7.173913043478251,11.920459084311313
72.60000000000007,-21.52173913043478,-7.173913043478251,11.91603047744468
72.70000000000006,-21.52173913043478,-7.173913043478251,11.91159409284776
72.80000000000007,-21.52173913043478,-7.173913043478251,11.90715002316742
72.90000000000006,-21.52173913043478,-7.173913043478251,11.902698360854489
73.00000000000006,-21.52173913043478,-7.173913043478251,11.898239198158398
73.10000000000007,-21.52173913043478,-7.173913043478251,11.893772627121846
73.20000000000006,-21.52173913043478,-7.173913043478251,11.889298739575564
73.30000000000007,-21.52173913043478,-7.173913043478251,11.884817627133181
73.40000000000006,-21.52173913043478,-7.173913043478251,11.880329381186177
73.50000000000007,-20.217391304347814,-5.869565217391312,11.875885084084688
73.60000000000007,-20.217391304347814,-5.869565217391312,11.871453082018698
73.70000000000006,-20.217391304347814,-5.869565217391312,11.867013851981017
73.80000000000007,-20.217391304347814,-5.869565217391312,11.862567484978591
73.90000000000006,-20.217391304347814,-5.869565217391312,11.85811407178814
74.00000000000007,-20.217391304347814,-5.869565217391312,11.853653702951435
74.10000000000007,-20.217391304347814,-5.869565217391312,11.849186468770544
74.20000000000006,-20.217391304347814,-5.869565217391312,11.84471245930331
74.30000000000007,-20.217391304347814,-5.869565217391312,11.840231764358764
74.40000000000006,-20.217391304347814,-5.869565217391312,11.835744473492793
74.50000000000007,-20.217391304347814,-5.869565217391312,11.831250676003746
74.60000000000007,-20.217391304347814,-5.869565217391312,11.826750460928192
74.70000000000006,-20.217391304347814,-5.869565217391312,11.822243917036802
74.80000000000007,-20.217391304347814,-5.869565217391312,11.81773113283022
74.90000000000006,-20.217391304347814,-5.869565217391312,11.813212196535094
75.00000000000007,-20.217391304347814,-5.869565217391312,11.808687196100163
75.10000000000007,-18.913043478260875,-5.869565217391312,11.804162261689969
75.20000000000006,-18.913043478260875,-5.869565217391312,11.799671099569112
75.30000000000007,-18.913043478260875,-5.869565217391312,11.795173891617345
75.40000000000006,-18.913043478260875,-5.869565217391312,11.790670725103755
75.50000000000007,-18.913043478260875,-5.869565217391312,11.786161687010111
75.60000000000007,-18.913043478260875,-5.869565217391312,11.781646864027243
75.70000000000006,-18.913043478260875,-5.869565217391312,11.777126342551533
75.80000000000007,-18.913043478260875,-5.869565217391312,11.772600208681485
75.90000000000006,-18.913043478260875,-5.869565217391312,11.768068548214375
76.00000000000007,-18.913043478260875,-5.869565217391312,11.76353144664295
76.10000000000007,-18.913043478260875,-5.869565217391312,11.758988989152252
76.20000000000007,-18.913043478260875,-5.869565217391312,11.754441260616444
76.30000000000007,-18.913043478260875,-5.869565217391312,11.749888345595815
76.40000000000006,-18.913043478260875,-5.869565217391312,11.745330328333743
76.50000000000007,-18.913043478260875,-5.869565217391312,11.740767292753835
76.60000000000007,-18.913043478260875,-5.869565217391312,11.736199322457065
76.70000000000007,-18.913043478260875,-5.869565217391312,11.731626500719
76.80000000000007,-18.913043478260875,-5.869565217391312,11.727048910487145
76.90000000000006,-18.913043478260875,-5.869565217391312,11.72246663437829
77.00000000000007,-17.608695652173907,-5.869565217391312,11.717879964711459
77.10000000000007,-17.608695652173907,-4.565217391304344,11.713331224019798
77.20000000000007,-17.608695652173907,-4.565217391304344,11.708789926579582
77.30000000000007,-17.608695652173907,-4.565217391304344,11.70424396502559
77.40000000000006,-17.608695652173907,-4.565217391304344,11.699693421119584
77.50000000000007,-17.608695652173907,-4.565217391304344,11.695138376285547
77.60000000000007,-17.608695652173907,-4.565217391304344,11.690578911607277
77.70000000000007,-17.608695652173907,-4.565217391304344,11.6860151078262
77.80000000000007,-17.608695652173907,-4.565217391304344,11.681447045339159
77.90000000000006,-17.608695652173907,-4.565217391304344,11.676874804196277
78.00000000000007,-17.608695652173907,-4.565217391304344,11.67229846409892
78.10000000000007,-17.608695652173907,-4.565217391304344,11.667718104397695
78.20000000000007,-17.608695652173907,-4.565217391304344,11.663133804090513
78.30000000000007,-17.608695652173907,-4.565217391304344,11.658545641820707
78.40000000000006,-17.608695652173907,-4.565217391304344,11.65395369587526
78.50000000000007,-17.608695652173907,-4.565217391304344,11.649358044182996
78.60000000000007,-17.608695652173907,-4.565217391304344,11.644758764312924
78.70000000000007,-17.608695652173907,-4.565217391304344,11.640155933472592
78.80000000000007,-17.608695652173907,-4.565217391304344,11.635549628506528
78.90000000000006,-17.608695652173907,-4.565217391304344,11.630939925894705
79.00000000000007,-17.608695652173907,-4.565217391304344,11.626326901751069
79.10000000000007,-17.608695652173907,-4.565217391304344,11.621710631822163
79.20000000000007,-16.304347826086968,-4.565217391304344,11.617121094818428
79.30000000000007,-16.304347826086968,-4.565217391304344,11.61253355661053
79.40000000000006,-16.304347826086968,-4.565217391304344,11.607942797937783
79.50000000000007,-16.304347826086968,-4.565217391304344,11.603348893693093
79.60000000000007,-16.304347826086968,-4.565217391304344,11.598751918399008
79.70000000000007,-16.304347826086968,-4.565217391304344,11.594151946206583
79.80000000000007,-16.304347826086968,-4.565217391304344,11.589549050894194
79.90000000000008,-16.304347826086968,-4.565217391304344,11.584943305866497
80.00000000000007,-16.304347826086968,-4.565217391304344,11.580334784153404
80.10000000000007,-16.304347826086968,-4.565217391304344,11.57572355840907
80.20000000000007,-16.304347826086968,-4.565217391304344,11.571109700911013
80.30000000000007,-16.304347826086968,-4.565217391304344,11.566493283559184
80.40000000000008,-16.304347826086968,-4.565217391304344,11.561874377875183
80.50000000000007,-16.304347826086968,-4.565217391304344,11.557253055001434
80.60000000000007,-16.304347826086968,-4.565217391304344,11.552629385700481
80.70000000000007,-16.304347826086968,-4.565217391304344,11.548003440354274
80.80000000000007,-16.304347826086968,-4.565217391304344,11.543375288963523
80.90000000000008,-16.304347826086968,-4.565217391304344,11.538745001147097
81.00000000000007,-16.304347826086968,-4.565217391304344,11.534112646141507
81.10000000000007,-16.304347826086968,-4.565217391304344,11.529478292800297
81.20000000000007,-16.304347826086968,-4.565217391304344,11.524842009593677
81.30000000000007,-16.304347826086968,-4.565217391304344,11.520203864608021
81.40000000000008,-16.304347826086968,-4.565217391304344,11.515563925545521
81.50000000000007,-16.304347826086968,-4.565217391304344,11.510922259723818
81.60000000000007,-16.304347826086968,-4.565217391304344,11.506278934075679
81.70000000000007,-15.0,-4.565217391304344,11.501634034641093
81.80000000000007,-15.0,-4.565217391304344,11.497017418980647
81.90000000000008,-15.0,-4.565217391304344,11.492399167364928
82.00000000000007,-15.0,-4.565217391304344,11.487779345827057
82.10000000000007,-15.0,-4.565217391304344,11.483158020015631
82.20000000000007,-15.0,-4.565217391304344,11.478535255194595
82.30000000000007,-15.0,-4.565217391304344,11.473911116243128
82.40000000000008,-15.0,-4.565217391304344,11.469285667655585
82.50000000000007,-15.0,-4.565217391304344,11.464658973541471
82.60000000000008,-15.0,-4.565217391304344,11.460031097625425
82.70000000000007,-15.0,-4.565217391304344,11.455402103247248
82.80000000000007,-15.0,-4.565217391304344,11.450772053362027
82.90000000000008,-15.0,-4.565217391304344,11.44614101054018
83.00000000000007,-15.0,-4.565217391304344,11.441509036967634
83.10000000000008,-15.0,-3.2608695652173765,11.43687951843988
83.20000000000007,-15.0,-3.2608695652173765,11.432254919880965
83.30000000000007,-15.0,-3.2608695652173765,11.4276295197777
83.40000000000008,-15.0,-3.2608695652173765,11.423003379012798
83.50000000000007,-15.0,-3.2608695652173765,11.41837655808554
83.60000000000008,-15.0,-3.2608695652173765,11.413749117112069
83.70000000000007,-15.0,-3.2608695652173765,11.40912111582576
83.80000000000007,-15.0,-3.2608695652173765,11.404492613577574
83.90000000000008,-15.0,-3.2608695652173765,11.39986366933644
84.00000000000007,-15.0,-3.2608695652173765,11.395234341689738
84.10000000000008,-15.0,-3.2608695652173765,11.390604688843691
84.20000000000007,-15.0,-3.2608695652173765,11.385974768623877
84.30000000000007,-15.0,-3.2608695652173765,11.381344638475737
84.40000000000008,-15.0,-3.2608695652173765,11.376714355465118
84.50000000000007,-15.0,-3.2608695652173765,11.372083976278804
84.60000000000008,-15.0,-3.2608695652173765,11.367453557225128
84.70000000000007,-15.0,-3.2608695652173765,11.362823154234576
84.80000000000007,-13.695652173913032,-3.2608695652173765,11.35821656035113
84.90000000000008,-13.695652173913032,-3.2608695652173765,11.353610815876062
85.00000000000007,-13.695652173913032,-3.2608695652173765,11.34900510649024
85.10000000000008,-13.695652173913032,-3.2608695652173765,11.344399487229499
85.20000000000007,-13.695652173913032,-3.2608695652173765,11.339794012755025
85.30000000000007,-13.695652173913032,-3.2608695652173765,11.335188737354043
85.40000000000008,-13.695652173913032,-3.2608695652173765,11.330583714940609
85.50000000000007,-13.695652173913032,-3.2608695652173765,11.3259789990563
85.60000000000008,-13.695652173913032,-3.2608695652173765,11.321374642871024
85.70000000000007,-13.695652173913032,-3.2608695652173765,11.316770699183817
85.80000000000007,-13.695652173913032,-3.2608695652173765,11.312167220423643
85.90000000000008,-13.695652173913032,-3.2608695652173765,11.307564258650249
86.00000000000007,-13.695652173913032,-3.2608695652173765,11.302961865555021
86.10000000000008,-13.695652173913032,-3.2608695652173765,11.298360092461847
86.20000000000007,-13.695652173913032,-3.2608695652173765,11.293758990328026
86.30000000000008,-13.695652173913032,-3.2608695652173765,11.289158609745165
86.40000000000008,-13.695652173913032,-3.2608695652173765,11.28455900094014
86.50000000000007,-13.695652173913032,-3.2608695652173765,11.279960213776015
86.60000000000008,-13.695652173913032,-3.2608695652173765,11.275362297753022
86.70000000000007,-13.695652173913032,-3.2608695652173765,11.270765302009554
86.80000000000008,-13.695652173913032,-3.2608695652173765,11.26616927532314
86.90000000000008,-13.695652173913032,-3.2608695652173765,11.261574266111479
87.00000000000007,-13.695652173913032,-3.2608695652173765,11.256980322433478
87.10000000000008,-13.695652173913032,-3.2608695652173765,11.25238749199029
87.20000000000007,-13.695652173913032,-3.2608695652173765,11.24779582212635
87.30000000000008,-13.695652173913032,-3.2608695652173765,11.243205359830515
87.40000000000008,-13.695652173913032,-3.2608695652173765,11.238616151737101
87.50000000000007,-13.695652173913032,-3.2608695652173765,11.234028244127009
87.60000000000008,-13.695652173913032,-3.2608695652173765,11.229441682928838
87.70000000000007,-13.695652173913032,-3.2608695652173765,11.224856513720022
87.80000000000008,-13.695652173913032,-3.2608695652173765,11.220272781727973
87.90000000000008,-13.695652173913032,-3.2608695652173765,11.215690531831243
88.00000000000007,-13.695652173913032,-3.2608695652173765,11.211109808560693
88.10000000000008,-13.695652173913032,-3.2608695652173765,11.206530656100682
88.20000000000007,-13.695652173913032,-3.2608695652173765,11.201953118290216
88.30000000000008,-13.695652173913032,-3.2608695652173765,11.197377238624245
88.40000000000008,-13.695652173913032,-3.2608695652173765,11.192803060254782
88.50000000000007,-13.695652173913032,-3.2608695652173765,11.188230625992201
88.60000000000008,-12.391304347826093,-3.2608695652173765,11.183667081446844
88.70000000000007,-12.391304347826093,-3.2608695652173765,11.179117651625948
88.80000000000008,-12.391304347826093,-3.2608695652173765,11.174569974523004
88.90000000000008,-12.391304347826093,-3.2608695652173765,11.170024092134724
89.00000000000009,-12.391304347826093,-3.2608695652173765,11.165480046121298
89.10000000000008,-12.391304347826093,-3.2608695652173765,11.160937877807694
89.20000000000007,-12.391304347826093,-3.2608695652173765,11.156397628184896
89.30000000000008,-12.391304347826093,-3.2608695652173765,11.151859337911237
89.40000000000008,-12.391304347826093,-3.2608695652173765,11.14732304731367
89.50000000000009,-12.391304347826093,-3.2608695652173765,11.142788796389059
89.60000000000008,-12.391304347826093,-3.2608695652173765,11.138256624805518
89.70000000000007,-12.391304347826093,-3.2608695652173765,11.133726571903706
89.80000000000008,-12.391304347826093,-3.2608695652173765,11.12919867669816
89.90000000000008,-12.391304347826093,-3.2608695652173765,11.124672977878651
90.00000000000009,-12.391304347826093,-3.2608695652173765,11.120149513811485
90.10000000000008,-12.391304347826093,-3.2608695652173765,11.115628322540875
90.20000000000007,-12.391304347826093,-3.2608695652173765,11.111109441790306
90.30000000000008,-12.391304347826093,-3.2608695652173765,11.106592908963858
90.40000000000008,-12.391304347826093,-3.2608695652173765,11.102078761147629
90.50000000000009,-12.391304347826093,-3.2608695652173765,11.097567035111028
90.60000000000008,-12.391304347826093,-3.2608695652173765,11.093057767308242
90.70000000000007,-12.391304347826093,-3.2608695652173765,11.088550993879556
90.80000000000008,-12.391304347826093,-3.2608695652173765,11.084046750652751
90.90000000000008,-12.391304347826093,-3.2608695652173765,11.079545073144539
91.00000000000009,-12.391304347826093,-3.2608695652173765,11.0750459965619
91.10000000000008,-12.391304347826093,-3.2608695652173765,11.070549555803543
91.20000000000007,-12.391304347826093,-3.2608695652173765,11.06605578546126
91.30000000000008,-12.391304347826093,-3.2608695652173765,11.061564719821375
91.40000000000008,-12.391304347826093,-3.2608695652173765,11.05707639286615
91.50000000000009,-12.391304347826093,-3.2608695652173765,11.05259083827519
91.60000000000008,-12.391304347826093,-3.2608695652173765,11.048108089426874
91.70000000000007,-12.391304347826093,-3.2608695652173765,11.0436281793998
91.80000000000008,-12.391304347826093,-3.2608695652173765,11.039151140974182
91.90000000000008,-12.391304347826093,-3.2608695652173765,11.034677006633295
92.00000000000009,-12.391304347826093,-3.2608695652173765,11.030205808564903
92.10000000000008,-12.391304347826093,-3.2608695652173765,11.025737578662719
92.20000000000007,-12.391304347826093,-3.2608695652173765,11.021272348527807
92.30000000000008,-12.391304347826093,-3.2608695652173765,11.016810149470063
92.40000000000008,-12.391304347826093,-3.2608695652173765,11.01235101250963
92.50000000000009,-12.391304347826093,-3.2608695652173765,11.007894968378341
92.60000000000008,-12.391304347826093,-3.2608695652173765,11.003442047521201
92.70000000000009,-12.391304347826093,-3.2608695652173765,10.998992280097793
92.80000000000008,-12.391304347826093,-3.2608695652173765,10.994545695983737
92.90000000000008,-12.391304347826093,-3.2608695652173765,10.990102324772192
93.00000000000009,-12.391304347826093,-3.2608695652173765,10.985662195775223
93.10000000000008,-12.391304347826093,-3.2608695652173765,10.981225338025316
93.20000000000009,-12.391304347826093,-3.2608695652173765,10.976791780276804
93.30000000000008,-12.391304347826093,-3.2608695652173765,10.972361551007346
93.40000000000008,-12.391304347826093,-3.2608695652173765,10.967934678419345
93.50000000000009,-12.391304347826093,-3.2608695652173765,10.963511190441444
93.60000000000008,-11.086956521739125,-3.2608695652173765,10.95909752453605
93.70000000000009,-11.086956521739125,-3.2608695652173765,10.954695332467507
93.80000000000008,-11.086956521739125,-3.2608695652173765,10.950296518996486
93.90000000000008,-11.086956521739125,-3.2608695652173765,10.945901111406638
94.00000000000009,-11.086956521739125,-3.2608695652173765,10.941509136713595
94.10000000000008,-11.086956521739125,-3.2608695652173765,10.937120621666468
94.20000000000009,-11.086956521739125,-3.2608695652173765,10.932735592749246
94.30000000000008,-11.086956521739125,-3.2608695652173765,10.928354076182293
94.40000000000008,-11.086956521739125,-3.2608695652173765,10.923976097923763
94.50000000000009,-11.086956521739125,-3.2608695652173765,10.919601683671052
94.60000000000008,-11.086956521739125,-1.9565217391304373,10.915233338777819
94.70000000000009,-11.086956521739125,-1.9565217391304373,10.910870247313984
94.80000000000008,-11.086956521739125,-1.9565217391304373,10.906510769901821
94.90000000000008,-11.086956521739125,-1.9565217391304373,10.902154931340974
95.00000000000009,-11.086956521739125,-1.9565217391304373,10.897802756177013
95.10000000000008,-11.086956521739125,-1.9565217391304373,10.893454268702902
95.20000000000009,-11.086956521739125,-1.9565217391304373,10.88910949296044
95.30000000000008,-11.086956521739125,-1.9565217391304373,10.884768452741692
95.40000000000009,-11.086956521739125,-1.9565217391304373,10.880431171590404
95.50000000000009,-11.086956521739125,-1.9565217391304373,10.876097672803478
95.60000000000008,-11.086956521739125,-1.9565217391304373,10.871767979432338
95.70000000000009,-11.086956521739125,-1.9565217391304373,10.867442114284435
95.80000000000008,-11.086956521739125,-1.9565217391304373,10.863120099924611
95.90000000000009,-11.086956521739125,-1.9565217391304373,10.858801958676539
96.00000000000009,-11.086956521739125,-1.9565217391304373,10.854487712624174
96.10000000000008,-11.086956521739125,-1.9565217391304373,10.85017738361314
96.20000000000009,-11.086956521739125,-1.9565217391304373,10.84587099325214
96.30000000000008,-11.086956521739125,-1.9565217391304373,10.8415685629144
96.40000000000009,-11.086956521739125,-1.9565217391304373,10.837270113739065
96.50000000000009,-11.086956521739125,-1.9565217391304373,10.832975666632592
96.60000000000008,-11.086956521739125,-1.9565217391304373,10.828685242270174
96.70000000000009,-11.086956521739125,-1.9565217391304373,10.82439886109715
96.80000000000008,-11.086956521739125,-1.9565217391304373,10.820116543330373
96.90000000000009,-11.086956521739125,-1.9565217391304373,10.815838308959636
97.00000000000009,-11.086956521739125,-1.9565217391304373,10.811564177749041
97.10000000000008,-11.086956521739125,-1.9565217391304373,10.80729416923841
97.20000000000009,-11.086956521739125,-1.9565217391304373,10.803028302744655
97.30000000000008,-11.086956521739125,-1.9565217391304373,10.79876659736317
97.40000000000009,-11.086956521739125,-1.9565217391304373,10.794509071969193
97.50000000000009,-11.086956521739125,-1.9565217391304373,10.790255745219225
97.60000000000008,-11.086956521739125,-1.9565217391304373,10.786006635552331
97.70000000000009,-11.086956521739125,-1.9565217391304373,10.781761761191579
97.80000000000008,-11.086956521739125,-1.9565217391304373,10.777521140145364
97.90000000000009,-11.086956521739125,-1.9565217391304373,10.773284790208777
98.00000000000009,-11.086956521739125,-1.9565217391304373,10.769052728964954
98.10000000000008,-11.086956521739125,-1.9565217391304373,10.764824973786464
98.20000000000009,-11.086956521739125,-1.9565217391304373,10.760601541836605
98.30000000000008,-11.086956521739125,-1.9565217391304373,10.756382450070799
98.40000000000009,-11.086956521739125,-1.9565217391304373,10.75216771523788
98.50000000000009,-11.086956521739125,-1.9565217391304373,10.747957353881485
98.60000000000008,-11.086956521739125,-1.9565217391304373,10.743751382341356
98.70000000000009,-11.086956521739125,-1.9565217391304373,10.739549816754668
98.80000000000008,-11.086956521739125,-1.9565217391304373,10.73535267305735
98.90000000000009,-11.086956521739125,-1.9565217391304373,10.73115996698543
99.00000000000009,-11.086956521739125,-1.9565217391304373,10.726971714076319
99.1000000000001,-11.086956521739125,-1.9565217391304373,10.72278792967015
99.20000000000009,-11.086956521739125,-1.9565217391304373,10.718608628911042
99.30000000000008,-11.086956521739125,-1.9565217391304373,10.714433826748463
99.40000000000009,-11.086956521739125,-1.9565217391304373,10.710263537938468
99.50000000000009,-11.086956521739125,-1.9565217391304373,10.706097777045017
99.6000000000001,-11.086956521739125,-1.9565217391304373,10.70193655844128
99.70000000000009,-11.086956521739125,-1.9565217391304373,10.697779896310893
99.80000000000008,-11.086956521739125,-1.9565217391304373,10.693627804649234
99.90000000000009,-11.086956521739125,-1.9565217391304373,10.689480297264735
